url,status_code
https://reserved-multicast-range-not-delegated.api.ba,0
https://reserved-multicast-range-not-delegated.api.dabur,0
https://reserved-multicast-range-not-delegated.api.kaufen,0
https://reserved-multicast-range-not-delegated.api.ua,0
https://reserved-multicast-range-not-delegated.api.in,0
https://reserved-multicast-range-not-delegated.api.com,0
https://reserved-multicast-range-not-delegated.api.net,0
https://reserved-multicast-range-not-delegated.api.2000.hu,0
https://reserved-multicast-range-not-delegated.api.FedEx,0
https://reserved-multicast-range-not-delegated.api.Sony,0
https://reserved-multicast-range-not-delegated.graphql.ba,0
https://reserved-multicast-range-not-delegated.graphql.dabur,0
https://reserved-multicast-range-not-delegated.graphql.kaufen,0
https://reserved-multicast-range-not-delegated.graphql.ua,0
https://reserved-multicast-range-not-delegated.graphql.in,0
https://reserved-multicast-range-not-delegated.graphql.com,0
https://reserved-multicast-range-not-delegated.graphql.net,0
https://reserved-multicast-range-not-delegated.graphql.2000.hu,0
https://reserved-multicast-range-not-delegated.graphql.FedEx,0
https://reserved-multicast-range-not-delegated.graphql.Sony,0
https://reserved-multicast-range-not-delegated.github.ba,0
https://reserved-multicast-range-not-delegated.github.dabur,0
https://reserved-multicast-range-not-delegated.github.kaufen,200
https://reserved-multicast-range-not-delegated.github.ua,0
https://reserved-multicast-range-not-delegated.github.in,0
https://reserved-multicast-range-not-delegated.github.com,404
https://reserved-multicast-range-not-delegated.github.net,0
https://reserved-multicast-range-not-delegated.github.2000.hu,0
https://reserved-multicast-range-not-delegated.github.FedEx,0
https://reserved-multicast-range-not-delegated.github.Sony,0
https://reserved-multicast-range-not-delegated.gitlab.ba,0
https://reserved-multicast-range-not-delegated.gitlab.dabur,0
https://reserved-multicast-range-not-delegated.gitlab.kaufen,0
https://reserved-multicast-range-not-delegated.gitlab.ua,0
https://reserved-multicast-range-not-delegated.gitlab.in,0
https://reserved-multicast-range-not-delegated.gitlab.com,0
https://reserved-multicast-range-not-delegated.gitlab.net,0
https://reserved-multicast-range-not-delegated.gitlab.2000.hu,0
https://reserved-multicast-range-not-delegated.gitlab.FedEx,0
https://reserved-multicast-range-not-delegated.gitlab.Sony,0
https://reserved-multicast-range-not-delegated.cloud.ba,0
https://reserved-multicast-range-not-delegated.cloud.dabur,0
https://reserved-multicast-range-not-delegated.cloud.kaufen,0
https://reserved-multicast-range-not-delegated.cloud.ua,0
https://reserved-multicast-range-not-delegated.cloud.in,0
https://reserved-multicast-range-not-delegated.cloud.com,0
https://reserved-multicast-range-not-delegated.cloud.net,0
https://reserved-multicast-range-not-delegated.cloud.2000.hu,0
https://reserved-multicast-range-not-delegated.cloud.FedEx,0
https://reserved-multicast-range-not-delegated.cloud.Sony,0
https://reserved-multicast-range-not-delegated.web.ba,0
https://reserved-multicast-range-not-delegated.web.dabur,0
https://reserved-multicast-range-not-delegated.web.kaufen,0
https://reserved-multicast-range-not-delegated.web.ua,0
https://reserved-multicast-range-not-delegated.web.in,0
https://reserved-multicast-range-not-delegated.web.com,0
https://reserved-multicast-range-not-delegated.web.net,0
https://reserved-multicast-range-not-delegated.web.2000.hu,0
https://reserved-multicast-range-not-delegated.web.FedEx,0
https://reserved-multicast-range-not-delegated.web.Sony,0
https://reserved-multicast-range-not-delegated.app.ba,0
https://reserved-multicast-range-not-delegated.app.dabur,0
https://reserved-multicast-range-not-delegated.app.kaufen,0
https://reserved-multicast-range-not-delegated.app.ua,0
https://reserved-multicast-range-not-delegated.app.in,200
https://reserved-multicast-range-not-delegated.app.com,200
https://reserved-multicast-range-not-delegated.app.net,200
https://reserved-multicast-range-not-delegated.app.2000.hu,0
https://reserved-multicast-range-not-delegated.app.FedEx,0
https://reserved-multicast-range-not-delegated.app.Sony,0
https://reserved-multicast-range-not-delegated.admin.ba,0
https://reserved-multicast-range-not-delegated.admin.dabur,0
https://reserved-multicast-range-not-delegated.admin.kaufen,0
https://reserved-multicast-range-not-delegated.admin.ua,0
https://reserved-multicast-range-not-delegated.admin.in,0
https://reserved-multicast-range-not-delegated.admin.com,0
https://reserved-multicast-range-not-delegated.admin.net,0
https://reserved-multicast-range-not-delegated.admin.2000.hu,0
https://reserved-multicast-range-not-delegated.admin.FedEx,0
https://reserved-multicast-range-not-delegated.admin.Sony,0
https://reserved-multicast-range-not-delegated.dashboard.ba,0
https://reserved-multicast-range-not-delegated.dashboard.dabur,0
https://reserved-multicast-range-not-delegated.dashboard.kaufen,0
https://reserved-multicast-range-not-delegated.dashboard.ua,0
https://reserved-multicast-range-not-delegated.dashboard.in,0
https://reserved-multicast-range-not-delegated.dashboard.com,0
https://reserved-multicast-range-not-delegated.dashboard.net,0
https://reserved-multicast-range-not-delegated.dashboard.2000.hu,0
https://reserved-multicast-range-not-delegated.dashboard.FedEx,0
https://reserved-multicast-range-not-delegated.dashboard.Sony,0
https://reserved-multicast-range-not-delegated.auth.ba,0
https://reserved-multicast-range-not-delegated.auth.dabur,0
https://reserved-multicast-range-not-delegated.auth.kaufen,0
https://reserved-multicast-range-not-delegated.auth.ua,0
https://reserved-multicast-range-not-delegated.auth.in,503
https://reserved-multicast-range-not-delegated.auth.com,0
https://reserved-multicast-range-not-delegated.auth.net,0
https://reserved-multicast-range-not-delegated.auth.2000.hu,0
https://reserved-multicast-range-not-delegated.auth.FedEx,0
https://reserved-multicast-range-not-delegated.auth.Sony,0
https://nothing.api.ba,0
https://nothing.api.dabur,0
https://nothing.api.kaufen,0
https://nothing.api.ua,0
https://nothing.api.in,0
https://nothing.api.com,0
https://nothing.api.net,0
https://nothing.api.2000.hu,0
https://nothing.api.FedEx,0
https://nothing.api.Sony,0
https://nothing.graphql.ba,0
https://nothing.graphql.dabur,0
https://nothing.graphql.kaufen,0
https://nothing.graphql.ua,0
https://nothing.graphql.in,0
https://nothing.graphql.com,0
https://nothing.graphql.net,0
https://nothing.graphql.2000.hu,0
https://nothing.graphql.FedEx,0
https://nothing.graphql.Sony,0
https://nothing.github.ba,0
https://nothing.github.dabur,0
https://nothing.github.kaufen,200
https://nothing.github.ua,0
https://nothing.github.in,0
https://nothing.github.com,404
https://nothing.github.net,0
https://nothing.github.2000.hu,0
https://nothing.github.FedEx,0
https://nothing.github.Sony,0
https://nothing.gitlab.ba,0
https://nothing.gitlab.dabur,0
https://nothing.gitlab.kaufen,0
https://nothing.gitlab.ua,0
https://nothing.gitlab.in,0
https://nothing.gitlab.com,0
https://nothing.gitlab.net,0
https://nothing.gitlab.2000.hu,0
https://nothing.gitlab.FedEx,0
https://nothing.gitlab.Sony,0
https://nothing.cloud.ba,0
https://nothing.cloud.dabur,0
https://nothing.cloud.kaufen,0
https://nothing.cloud.ua,0
https://nothing.cloud.in,0
https://nothing.cloud.com,0
https://nothing.cloud.net,0
https://nothing.cloud.2000.hu,0
https://nothing.cloud.FedEx,0
https://nothing.cloud.Sony,0
https://nothing.web.ba,0
https://nothing.web.dabur,0
https://nothing.web.kaufen,0
https://nothing.web.ua,0
https://nothing.web.in,0
https://nothing.web.com,0
https://nothing.web.net,0
https://nothing.web.2000.hu,0
https://nothing.web.FedEx,0
https://nothing.web.Sony,0
https://nothing.app.ba,0
https://nothing.app.dabur,0
https://nothing.app.kaufen,0
https://nothing.app.ua,0
https://nothing.app.in,200
https://nothing.app.com,200
https://nothing.app.net,200
https://nothing.app.2000.hu,0
https://nothing.app.FedEx,0
https://nothing.app.Sony,0
https://nothing.admin.ba,0
https://nothing.admin.dabur,0
https://nothing.admin.kaufen,0
https://nothing.admin.ua,0
https://nothing.admin.in,0
https://nothing.admin.com,0
https://nothing.admin.net,0
https://nothing.admin.2000.hu,0
https://nothing.admin.FedEx,0
https://nothing.admin.Sony,0
https://nothing.dashboard.ba,0
https://nothing.dashboard.dabur,0
https://nothing.dashboard.kaufen,0
https://nothing.dashboard.ua,0
https://nothing.dashboard.in,0
https://nothing.dashboard.com,0
https://nothing.dashboard.net,0
https://nothing.dashboard.2000.hu,0
https://nothing.dashboard.FedEx,0
https://nothing.dashboard.Sony,0
https://nothing.auth.ba,0
https://nothing.auth.dabur,0
https://nothing.auth.kaufen,0
https://nothing.auth.ua,0
https://nothing.auth.in,503
https://nothing.auth.com,0
https://nothing.auth.net,0
https://nothing.auth.2000.hu,0
https://nothing.auth.FedEx,0
https://nothing.auth.Sony,0
https://dynamic.api.ba,0
https://dynamic.api.dabur,0
https://dynamic.api.kaufen,0
https://dynamic.api.ua,0
https://dynamic.api.in,0
https://dynamic.api.com,0
https://dynamic.api.net,0
https://dynamic.api.2000.hu,0
https://dynamic.api.FedEx,0
https://dynamic.api.Sony,0
https://dynamic.graphql.ba,0
https://dynamic.graphql.dabur,0
https://dynamic.graphql.kaufen,0
https://dynamic.graphql.ua,0
https://dynamic.graphql.in,0
https://dynamic.graphql.com,0
https://dynamic.graphql.net,0
https://dynamic.graphql.2000.hu,0
https://dynamic.graphql.FedEx,0
https://dynamic.graphql.Sony,0
https://dynamic.github.ba,0
https://dynamic.github.dabur,0
https://dynamic.github.kaufen,200
https://dynamic.github.ua,0
https://dynamic.github.in,0
https://dynamic.github.com,404
https://dynamic.github.net,0
https://dynamic.github.2000.hu,0
https://dynamic.github.FedEx,0
https://dynamic.github.Sony,0
https://dynamic.gitlab.ba,0
https://dynamic.gitlab.dabur,0
https://dynamic.gitlab.kaufen,0
https://dynamic.gitlab.ua,0
https://dynamic.gitlab.in,0
https://dynamic.gitlab.com,0
https://dynamic.gitlab.net,0
https://dynamic.gitlab.2000.hu,0
https://dynamic.gitlab.FedEx,0
https://dynamic.gitlab.Sony,0
https://dynamic.cloud.ba,0
https://dynamic.cloud.dabur,0
https://dynamic.cloud.kaufen,0
https://dynamic.cloud.ua,0
https://dynamic.cloud.in,0
https://dynamic.cloud.com,0
https://dynamic.cloud.net,0
https://dynamic.cloud.2000.hu,0
https://dynamic.cloud.FedEx,0
https://dynamic.cloud.Sony,0
https://dynamic.web.ba,0
https://dynamic.web.dabur,0
https://dynamic.web.kaufen,0
https://dynamic.web.ua,0
https://dynamic.web.in,0
https://dynamic.web.com,0
https://dynamic.web.net,0
https://dynamic.web.2000.hu,0
https://dynamic.web.FedEx,0
https://dynamic.web.Sony,0
https://dynamic.app.ba,0
https://dynamic.app.dabur,0
https://dynamic.app.kaufen,0
https://dynamic.app.ua,0
https://dynamic.app.in,200
https://dynamic.app.com,200
https://dynamic.app.net,200
https://dynamic.app.2000.hu,0
https://dynamic.app.FedEx,0
https://dynamic.app.Sony,0
https://dynamic.admin.ba,0
https://dynamic.admin.dabur,0
https://dynamic.admin.kaufen,0
https://dynamic.admin.ua,0
https://dynamic.admin.in,0
https://dynamic.admin.com,0
https://dynamic.admin.net,0
https://dynamic.admin.2000.hu,0
https://dynamic.admin.FedEx,0
https://dynamic.admin.Sony,0
https://dynamic.dashboard.ba,0
https://dynamic.dashboard.dabur,0
https://dynamic.dashboard.kaufen,0
https://dynamic.dashboard.ua,0
https://dynamic.dashboard.in,0
https://dynamic.dashboard.com,0
https://dynamic.dashboard.net,0
https://dynamic.dashboard.2000.hu,0
https://dynamic.dashboard.FedEx,0
https://dynamic.dashboard.Sony,0
https://dynamic.auth.ba,0
https://dynamic.auth.dabur,0
https://dynamic.auth.kaufen,0
https://dynamic.auth.ua,0
https://dynamic.auth.in,503
https://dynamic.auth.com,0
https://dynamic.auth.net,0
https://dynamic.auth.2000.hu,0
https://dynamic.auth.FedEx,0
https://dynamic.auth.Sony,0
https://static.api.ba,0
https://static.api.dabur,0
https://static.api.kaufen,0
https://static.api.ua,0
https://static.api.in,0
https://static.api.com,0
https://static.api.net,0
https://static.api.2000.hu,0
https://static.api.FedEx,0
https://static.api.Sony,0
https://static.graphql.ba,0
https://static.graphql.dabur,0
https://static.graphql.kaufen,0
https://static.graphql.ua,0
https://static.graphql.in,0
https://static.graphql.com,0
https://static.graphql.net,0
https://static.graphql.2000.hu,0
https://static.graphql.FedEx,0
https://static.graphql.Sony,0
https://static.github.ba,0
https://static.github.dabur,0
https://static.github.kaufen,200
https://static.github.ua,0
https://static.github.in,0
https://static.github.com,404
https://static.github.net,0
https://static.github.2000.hu,0
https://static.github.FedEx,0
https://static.github.Sony,0
https://static.gitlab.ba,0
https://static.gitlab.dabur,0
https://static.gitlab.kaufen,0
https://static.gitlab.ua,0
https://static.gitlab.in,0
https://static.gitlab.com,0
https://static.gitlab.net,0
https://static.gitlab.2000.hu,0
https://static.gitlab.FedEx,0
https://static.gitlab.Sony,0
https://static.cloud.ba,0
https://static.cloud.dabur,0
https://static.cloud.kaufen,0
https://static.cloud.ua,0
https://static.cloud.in,0
https://static.cloud.com,0
https://static.cloud.net,0
https://static.cloud.2000.hu,0
https://static.cloud.FedEx,0
https://static.cloud.Sony,0
https://static.web.ba,0
https://static.web.dabur,0
https://static.web.kaufen,0
https://static.web.ua,0
https://static.web.in,0
https://static.web.com,0
https://static.web.net,0
https://static.web.2000.hu,0
https://static.web.FedEx,0
https://static.web.Sony,0
https://static.app.ba,0
https://static.app.dabur,0
https://static.app.kaufen,0
https://static.app.ua,0
https://static.app.in,200
https://static.app.com,404
https://static.app.net,200
https://static.app.2000.hu,0
https://static.app.FedEx,0
https://static.app.Sony,0
https://static.admin.ba,0
https://static.admin.dabur,0
https://static.admin.kaufen,0
https://static.admin.ua,0
https://static.admin.in,0
https://static.admin.com,0
https://static.admin.net,0
https://static.admin.2000.hu,0
https://static.admin.FedEx,0
https://static.admin.Sony,0
https://static.dashboard.ba,0
https://static.dashboard.dabur,0
https://static.dashboard.kaufen,0
https://static.dashboard.ua,0
https://static.dashboard.in,0
https://static.dashboard.com,0
https://static.dashboard.net,0
https://static.dashboard.2000.hu,0
https://static.dashboard.FedEx,0
https://static.dashboard.Sony,0
https://static.auth.ba,0
https://static.auth.dabur,0
https://static.auth.kaufen,0
https://static.auth.ua,0
https://static.auth.in,503
https://static.auth.com,0
https://static.auth.net,0
https://static.auth.2000.hu,0
https://static.auth.FedEx,0
https://static.auth.Sony,0
https://dip.api.ba,0
https://dip.api.dabur,0
https://dip.api.kaufen,0
https://dip.api.ua,0
https://dip.api.in,0
https://dip.api.com,0
https://dip.api.net,0
https://dip.api.2000.hu,0
https://dip.api.FedEx,0
https://dip.api.Sony,0
https://dip.graphql.ba,0
https://dip.graphql.dabur,0
https://dip.graphql.kaufen,0
https://dip.graphql.ua,0
https://dip.graphql.in,0
https://dip.graphql.com,0
https://dip.graphql.net,0
https://dip.graphql.2000.hu,0
https://dip.graphql.FedEx,0
https://dip.graphql.Sony,0
https://dip.github.ba,0
https://dip.github.dabur,0
https://dip.github.kaufen,200
https://dip.github.ua,0
https://dip.github.in,0
https://dip.github.com,404
https://dip.github.net,0
https://dip.github.2000.hu,0
https://dip.github.FedEx,0
https://dip.github.Sony,0
https://dip.gitlab.ba,0
https://dip.gitlab.dabur,0
https://dip.gitlab.kaufen,0
https://dip.gitlab.ua,0
https://dip.gitlab.in,0
https://dip.gitlab.com,0
https://dip.gitlab.net,0
https://dip.gitlab.2000.hu,0
https://dip.gitlab.FedEx,0
https://dip.gitlab.Sony,0
https://dip.cloud.ba,0
https://dip.cloud.dabur,0
https://dip.cloud.kaufen,0
https://dip.cloud.ua,0
https://dip.cloud.in,0
https://dip.cloud.com,0
https://dip.cloud.net,0
https://dip.cloud.2000.hu,0
https://dip.cloud.FedEx,0
https://dip.cloud.Sony,0
https://dip.web.ba,0
https://dip.web.dabur,0
https://dip.web.kaufen,0
https://dip.web.ua,0
https://dip.web.in,0
https://dip.web.com,0
https://dip.web.net,0
https://dip.web.2000.hu,0
https://dip.web.FedEx,0
https://dip.web.Sony,0
https://dip.app.ba,0
https://dip.app.dabur,0
https://dip.app.kaufen,0
https://dip.app.ua,0
https://dip.app.in,200
https://dip.app.com,200
https://dip.app.net,200
https://dip.app.2000.hu,0
https://dip.app.FedEx,0
https://dip.app.Sony,0
https://dip.admin.ba,0
https://dip.admin.dabur,0
https://dip.admin.kaufen,0
https://dip.admin.ua,0
https://dip.admin.in,0
https://dip.admin.com,0
https://dip.admin.net,0
https://dip.admin.2000.hu,0
https://dip.admin.FedEx,0
https://dip.admin.Sony,0
https://dip.dashboard.ba,0
https://dip.dashboard.dabur,0
https://dip.dashboard.kaufen,0
https://dip.dashboard.ua,0
https://dip.dashboard.in,0
https://dip.dashboard.com,0
https://dip.dashboard.net,0
https://dip.dashboard.2000.hu,0
https://dip.dashboard.FedEx,0
https://dip.dashboard.Sony,0
https://dip.auth.ba,0
https://dip.auth.dabur,0
https://dip.auth.kaufen,0
https://dip.auth.ua,0
https://dip.auth.in,503
https://dip.auth.com,0
https://dip.auth.net,0
https://dip.auth.2000.hu,0
https://dip.auth.FedEx,0
https://dip.auth.Sony,0
https://pools.api.ba,0
https://pools.api.dabur,0
https://pools.api.kaufen,0
https://pools.api.ua,0
https://pools.api.in,0
https://pools.api.com,0
https://pools.api.net,0
https://pools.api.2000.hu,0
https://pools.api.FedEx,0
https://pools.api.Sony,0
https://pools.graphql.ba,0
https://pools.graphql.dabur,0
https://pools.graphql.kaufen,0
https://pools.graphql.ua,0
https://pools.graphql.in,0
https://pools.graphql.com,0
https://pools.graphql.net,0
https://pools.graphql.2000.hu,0
https://pools.graphql.FedEx,0
https://pools.graphql.Sony,0
https://pools.github.ba,0
https://pools.github.dabur,0
https://pools.github.kaufen,200
https://pools.github.ua,0
https://pools.github.in,0
https://pools.github.com,404
https://pools.github.net,0
https://pools.github.2000.hu,0
https://pools.github.FedEx,0
https://pools.github.Sony,0
https://pools.gitlab.ba,0
https://pools.gitlab.dabur,0
https://pools.gitlab.kaufen,0
https://pools.gitlab.ua,0
https://pools.gitlab.in,0
https://pools.gitlab.com,0
https://pools.gitlab.net,0
https://pools.gitlab.2000.hu,0
https://pools.gitlab.FedEx,0
https://pools.gitlab.Sony,0
https://pools.cloud.ba,0
https://pools.cloud.dabur,0
https://pools.cloud.kaufen,0
https://pools.cloud.ua,0
https://pools.cloud.in,0
https://pools.cloud.com,0
https://pools.cloud.net,0
https://pools.cloud.2000.hu,0
https://pools.cloud.FedEx,0
https://pools.cloud.Sony,0
https://pools.web.ba,0
https://pools.web.dabur,0
https://pools.web.kaufen,0
https://pools.web.ua,0
https://pools.web.in,0
https://pools.web.com,0
https://pools.web.net,0
https://pools.web.2000.hu,0
https://pools.web.FedEx,0
https://pools.web.Sony,0
https://pools.app.ba,0
https://pools.app.dabur,0
https://pools.app.kaufen,0
https://pools.app.ua,0
https://pools.app.in,200
https://pools.app.com,200
https://pools.app.net,200
https://pools.app.2000.hu,0
https://pools.app.FedEx,0
https://pools.app.Sony,0
https://pools.admin.ba,0
https://pools.admin.dabur,0
https://pools.admin.kaufen,0
https://pools.admin.ua,0
https://pools.admin.in,0
https://pools.admin.com,0
https://pools.admin.net,0
https://pools.admin.2000.hu,0
https://pools.admin.FedEx,0
https://pools.admin.Sony,0
https://pools.dashboard.ba,0
https://pools.dashboard.dabur,0
https://pools.dashboard.kaufen,0
https://pools.dashboard.ua,0
https://pools.dashboard.in,0
https://pools.dashboard.com,0
https://pools.dashboard.net,0
https://pools.dashboard.2000.hu,0
https://pools.dashboard.FedEx,0
https://pools.dashboard.Sony,0
https://pools.auth.ba,0
https://pools.auth.dabur,0
https://pools.auth.kaufen,0
https://pools.auth.ua,0
https://pools.auth.in,503
https://pools.auth.com,0
https://pools.auth.net,0
https://pools.auth.2000.hu,0
https://pools.auth.FedEx,0
https://pools.auth.Sony,0
https://rev.api.ba,0
https://rev.api.dabur,0
https://rev.api.kaufen,0
https://rev.api.ua,0
https://rev.api.in,0
https://rev.api.com,0
https://rev.api.net,0
https://rev.api.2000.hu,0
https://rev.api.FedEx,0
https://rev.api.Sony,0
https://rev.graphql.ba,0
https://rev.graphql.dabur,0
https://rev.graphql.kaufen,0
https://rev.graphql.ua,0
https://rev.graphql.in,0
https://rev.graphql.com,0
https://rev.graphql.net,0
https://rev.graphql.2000.hu,0
https://rev.graphql.FedEx,0
https://rev.graphql.Sony,0
https://rev.github.ba,0
https://rev.github.dabur,0
https://rev.github.kaufen,200
https://rev.github.ua,0
https://rev.github.in,0
https://rev.github.com,404
https://rev.github.net,0
https://rev.github.2000.hu,0
https://rev.github.FedEx,0
https://rev.github.Sony,0
https://rev.gitlab.ba,0
https://rev.gitlab.dabur,0
https://rev.gitlab.kaufen,0
https://rev.gitlab.ua,0
https://rev.gitlab.in,0
https://rev.gitlab.com,0
https://rev.gitlab.net,0
https://rev.gitlab.2000.hu,0
https://rev.gitlab.FedEx,0
https://rev.gitlab.Sony,0
https://rev.cloud.ba,0
https://rev.cloud.dabur,0
https://rev.cloud.kaufen,0
https://rev.cloud.ua,0
https://rev.cloud.in,0
https://rev.cloud.com,0
https://rev.cloud.net,0
https://rev.cloud.2000.hu,0
https://rev.cloud.FedEx,0
https://rev.cloud.Sony,0
https://rev.web.ba,0
https://rev.web.dabur,0
https://rev.web.kaufen,0
https://rev.web.ua,0
https://rev.web.in,0
https://rev.web.com,0
https://rev.web.net,0
https://rev.web.2000.hu,0
https://rev.web.FedEx,0
https://rev.web.Sony,0
https://rev.app.ba,0
https://rev.app.dabur,0
https://rev.app.kaufen,0
https://rev.app.ua,0
https://rev.app.in,200
https://rev.app.com,200
https://rev.app.net,200
https://rev.app.2000.hu,0
https://rev.app.FedEx,0
https://rev.app.Sony,0
https://rev.admin.ba,0
https://rev.admin.dabur,0
https://rev.admin.kaufen,0
https://rev.admin.ua,0
https://rev.admin.in,0
https://rev.admin.com,0
https://rev.admin.net,0
https://rev.admin.2000.hu,0
https://rev.admin.FedEx,0
https://rev.admin.Sony,0
https://rev.dashboard.ba,0
https://rev.dashboard.dabur,0
https://rev.dashboard.kaufen,0
https://rev.dashboard.ua,0
https://rev.dashboard.in,0
https://rev.dashboard.com,0
https://rev.dashboard.net,0
https://rev.dashboard.2000.hu,0
https://rev.dashboard.FedEx,0
https://rev.dashboard.Sony,0
https://rev.auth.ba,0
https://rev.auth.dabur,0
https://rev.auth.kaufen,0
https://rev.auth.ua,0
https://rev.auth.in,503
https://rev.auth.com,0
https://rev.auth.net,0
https://rev.auth.2000.hu,0
https://rev.auth.FedEx,0
https://rev.auth.Sony,0
https://dsl.api.ba,0
https://dsl.api.dabur,0
https://dsl.api.kaufen,0
https://dsl.api.ua,0
https://dsl.api.in,0
https://dsl.api.com,0
https://dsl.api.net,0
https://dsl.api.2000.hu,0
https://dsl.api.FedEx,0
https://dsl.api.Sony,0
https://dsl.graphql.ba,0
https://dsl.graphql.dabur,0
https://dsl.graphql.kaufen,0
https://dsl.graphql.ua,0
https://dsl.graphql.in,0
https://dsl.graphql.com,0
https://dsl.graphql.net,0
https://dsl.graphql.2000.hu,0
https://dsl.graphql.FedEx,0
https://dsl.graphql.Sony,0
https://dsl.github.ba,0
https://dsl.github.dabur,0
https://dsl.github.kaufen,200
https://dsl.github.ua,0
https://dsl.github.in,0
https://dsl.github.com,404
https://dsl.github.net,0
https://dsl.github.2000.hu,0
https://dsl.github.FedEx,0
https://dsl.github.Sony,0
https://dsl.gitlab.ba,0
https://dsl.gitlab.dabur,0
https://dsl.gitlab.kaufen,0
https://dsl.gitlab.ua,0
https://dsl.gitlab.in,0
https://dsl.gitlab.com,0
https://dsl.gitlab.net,0
https://dsl.gitlab.2000.hu,0
https://dsl.gitlab.FedEx,0
https://dsl.gitlab.Sony,0
https://dsl.cloud.ba,0
https://dsl.cloud.dabur,0
https://dsl.cloud.kaufen,0
https://dsl.cloud.ua,0
https://dsl.cloud.in,0
https://dsl.cloud.com,0
https://dsl.cloud.net,0
https://dsl.cloud.2000.hu,0
https://dsl.cloud.FedEx,0
https://dsl.cloud.Sony,0
https://dsl.web.ba,0
https://dsl.web.dabur,0
https://dsl.web.kaufen,0
https://dsl.web.ua,0
https://dsl.web.in,0
https://dsl.web.com,0
https://dsl.web.net,0
https://dsl.web.2000.hu,0
https://dsl.web.FedEx,0
https://dsl.web.Sony,0
https://dsl.app.ba,0
https://dsl.app.dabur,0
https://dsl.app.kaufen,0
https://dsl.app.ua,0
https://dsl.app.in,200
https://dsl.app.com,200
https://dsl.app.net,200
https://dsl.app.2000.hu,0
https://dsl.app.FedEx,0
https://dsl.app.Sony,0
https://dsl.admin.ba,0
https://dsl.admin.dabur,0
https://dsl.admin.kaufen,0
https://dsl.admin.ua,0
https://dsl.admin.in,0
https://dsl.admin.com,0
https://dsl.admin.net,0
https://dsl.admin.2000.hu,0
https://dsl.admin.FedEx,0
https://dsl.admin.Sony,0
https://dsl.dashboard.ba,0
https://dsl.dashboard.dabur,0
https://dsl.dashboard.kaufen,0
https://dsl.dashboard.ua,0
https://dsl.dashboard.in,0
https://dsl.dashboard.com,0
https://dsl.dashboard.net,0
https://dsl.dashboard.2000.hu,0
https://dsl.dashboard.FedEx,0
https://dsl.dashboard.Sony,0
https://dsl.auth.ba,0
https://dsl.auth.dabur,0
https://dsl.auth.kaufen,0
https://dsl.auth.ua,0
https://dsl.auth.in,503
https://dsl.auth.com,0
https://dsl.auth.net,0
https://dsl.auth.2000.hu,0
https://dsl.auth.FedEx,0
https://dsl.auth.Sony,0
https://cable.api.ba,0
https://cable.api.dabur,0
https://cable.api.kaufen,0
https://cable.api.ua,0
https://cable.api.in,0
https://cable.api.com,0
https://cable.api.net,0
https://cable.api.2000.hu,0
https://cable.api.FedEx,0
https://cable.api.Sony,0
https://cable.graphql.ba,0
https://cable.graphql.dabur,0
https://cable.graphql.kaufen,0
https://cable.graphql.ua,0
https://cable.graphql.in,0
https://cable.graphql.com,0
https://cable.graphql.net,0
https://cable.graphql.2000.hu,0
https://cable.graphql.FedEx,0
https://cable.graphql.Sony,0
https://cable.github.ba,0
https://cable.github.dabur,0
https://cable.github.kaufen,200
https://cable.github.ua,0
https://cable.github.in,0
https://cable.github.com,404
https://cable.github.net,0
https://cable.github.2000.hu,0
https://cable.github.FedEx,0
https://cable.github.Sony,0
https://cable.gitlab.ba,0
https://cable.gitlab.dabur,0
https://cable.gitlab.kaufen,0
https://cable.gitlab.ua,0
https://cable.gitlab.in,0
https://cable.gitlab.com,0
https://cable.gitlab.net,0
https://cable.gitlab.2000.hu,0
https://cable.gitlab.FedEx,0
https://cable.gitlab.Sony,0
https://cable.cloud.ba,0
https://cable.cloud.dabur,0
https://cable.cloud.kaufen,0
https://cable.cloud.ua,0
https://cable.cloud.in,0
https://cable.cloud.com,0
https://cable.cloud.net,0
https://cable.cloud.2000.hu,0
https://cable.cloud.FedEx,0
https://cable.cloud.Sony,0
https://cable.web.ba,0
https://cable.web.dabur,0
https://cable.web.kaufen,0
https://cable.web.ua,0
https://cable.web.in,0
https://cable.web.com,0
https://cable.web.net,0
https://cable.web.2000.hu,0
https://cable.web.FedEx,0
https://cable.web.Sony,0
https://cable.app.ba,0
https://cable.app.dabur,0
https://cable.app.kaufen,0
https://cable.app.ua,0
https://cable.app.in,200
https://cable.app.com,200
https://cable.app.net,200
https://cable.app.2000.hu,0
https://cable.app.FedEx,0
https://cable.app.Sony,0
https://cable.admin.ba,0
https://cable.admin.dabur,0
https://cable.admin.kaufen,0
https://cable.admin.ua,0
https://cable.admin.in,0
https://cable.admin.com,0
https://cable.admin.net,0
https://cable.admin.2000.hu,0
https://cable.admin.FedEx,0
https://cable.admin.Sony,0
https://cable.dashboard.ba,0
https://cable.dashboard.dabur,0
https://cable.dashboard.kaufen,0
https://cable.dashboard.ua,0
https://cable.dashboard.in,0
https://cable.dashboard.com,0
https://cable.dashboard.net,0
https://cable.dashboard.2000.hu,0
https://cable.dashboard.FedEx,0
https://cable.dashboard.Sony,0
https://cable.auth.ba,0
https://cable.auth.dabur,0
https://cable.auth.kaufen,0
https://cable.auth.ua,0
https://cable.auth.in,503
https://cable.auth.com,400
https://cable.auth.net,0
https://cable.auth.2000.hu,0
https://cable.auth.FedEx,0
https://cable.auth.Sony,0
https://ip.api.ba,0
https://ip.api.dabur,0
https://ip.api.kaufen,0
https://ip.api.ua,0
https://ip.api.in,0
https://ip.api.com,0
https://ip.api.net,0
https://ip.api.2000.hu,0
https://ip.api.FedEx,0
https://ip.api.Sony,0
https://ip.graphql.ba,0
https://ip.graphql.dabur,0
https://ip.graphql.kaufen,0
https://ip.graphql.ua,0
https://ip.graphql.in,0
https://ip.graphql.com,0
https://ip.graphql.net,0
https://ip.graphql.2000.hu,0
https://ip.graphql.FedEx,0
https://ip.graphql.Sony,0
https://ip.github.ba,0
https://ip.github.dabur,0
https://ip.github.kaufen,200
https://ip.github.ua,0
https://ip.github.in,0
https://ip.github.com,404
https://ip.github.net,0
https://ip.github.2000.hu,0
https://ip.github.FedEx,0
https://ip.github.Sony,0
https://ip.gitlab.ba,0
https://ip.gitlab.dabur,0
https://ip.gitlab.kaufen,0
https://ip.gitlab.ua,0
https://ip.gitlab.in,0
https://ip.gitlab.com,0
https://ip.gitlab.net,0
https://ip.gitlab.2000.hu,0
https://ip.gitlab.FedEx,0
https://ip.gitlab.Sony,0
https://ip.cloud.ba,0
https://ip.cloud.dabur,0
https://ip.cloud.kaufen,0
https://ip.cloud.ua,0
https://ip.cloud.in,0
https://ip.cloud.com,0
https://ip.cloud.net,0
https://ip.cloud.2000.hu,0
https://ip.cloud.FedEx,0
https://ip.cloud.Sony,0
https://ip.web.ba,0
https://ip.web.dabur,0
https://ip.web.kaufen,0
https://ip.web.ua,0
https://ip.web.in,0
https://ip.web.com,0
https://ip.web.net,0
https://ip.web.2000.hu,0
https://ip.web.FedEx,0
https://ip.web.Sony,0
https://ip.app.ba,0
https://ip.app.dabur,0
https://ip.app.kaufen,0
https://ip.app.ua,0
https://ip.app.in,200
https://ip.app.com,200
https://ip.app.net,200
https://ip.app.2000.hu,0
https://ip.app.FedEx,0
https://ip.app.Sony,0
https://ip.admin.ba,0
https://ip.admin.dabur,0
https://ip.admin.kaufen,0
https://ip.admin.ua,0
https://ip.admin.in,0
https://ip.admin.com,0
https://ip.admin.net,0
https://ip.admin.2000.hu,0
https://ip.admin.FedEx,0
https://ip.admin.Sony,0
https://ip.dashboard.ba,0
https://ip.dashboard.dabur,0
https://ip.dashboard.kaufen,0
https://ip.dashboard.ua,0
https://ip.dashboard.in,0
https://ip.dashboard.com,0
https://ip.dashboard.net,0
https://ip.dashboard.2000.hu,0
https://ip.dashboard.FedEx,0
https://ip.dashboard.Sony,0
https://ip.auth.ba,0
https://ip.auth.dabur,0
https://ip.auth.kaufen,0
https://ip.auth.ua,0
https://ip.auth.in,503
https://ip.auth.com,0
https://ip.auth.net,0
https://ip.auth.2000.hu,0
https://ip.auth.FedEx,0
https://ip.auth.Sony,0
